URL,Last crawled
https://business.qwabi.co.za/ai-automation-pricing,1970-01-01
https://business.qwabi.co.za/case-studies,1970-01-01
https://business.qwabi.co.za/case-studies/estudio-glam,1970-01-01
https://business.qwabi.co.za/case-studies/future-start,1970-01-01
https://business.qwabi.co.za/case-studies/ilithiyana,1970-01-01
https://business.qwabi.co.za/case-studies/mpumelelo-foundation,1970-01-01
https://business.qwabi.co.za/case-studies/warner-music-africa,1970-01-01
https://business.qwabi.co.za/case-studies/western-cape-labs,1970-01-01
https://business.qwabi.co.za/developers/eastern-cape/butterworth/cloud-architect,1970-01-01
https://business.qwabi.co.za/developers/eastern-cape/qonce/web-developer,1970-01-01
https://business.qwabi.co.za/industries/education,1970-01-01
https://business.qwabi.co.za/industries/field-services,1970-01-01
https://business.qwabi.co.za/industries/healthcare,1970-01-01
https://business.qwabi.co.za/industries/insurance,1970-01-01
https://business.qwabi.co.za/industries/logistics,1970-01-01
https://business.qwabi.co.za/industries/property-management,1970-01-01
https://business.qwabi.co.za/industries/restaurants,1970-01-01
https://business.qwabi.co.za/industries/retail,1970-01-01
https://business.qwabi.co.za/industries/ride-hailing,1970-01-01
https://business.qwabi.co.za/industries/salons,1970-01-01
https://business.qwabi.co.za/insights,1970-01-01
https://business.qwabi.co.za/insights/ai-agents-for-businesses,1970-01-01
https://business.qwabi.co.za/insights/best-tech-stack-for-startups,1970-01-01
https://business.qwabi.co.za/insights/custom-software-vs-no-code,1970-01-01
https://business.qwabi.co.za/insights/how-much-does-it-cost-to-build-an-app-in-south-africa,1970-01-01
https://business.qwabi.co.za/insights/how-to-automate-customer-support,1970-01-01
https://business.qwabi.co.za/insights/how-to-automate-whatsapp-bookings,1970-01-01
https://business.qwabi.co.za/insights/how-to-build-a-marketplace-app,1970-01-01
https://business.qwabi.co.za/insights/how-to-build-a-saas-product,1970-01-01
https://business.qwabi.co.za/insights/how-to-digitise-a-small-business,1970-01-01
https://business.qwabi.co.za/insights/how-to-validate-a-startup-idea,1970-01-01
https://business.qwabi.co.za/projects,1970-01-01
https://business.qwabi.co.za/projects/espazza,1970-01-01
https://business.qwabi.co.za/saas-development-pricing,1970-01-01
https://business.qwabi.co.za/sitemap,1970-01-01
https://business.qwabi.co.za/software-development-pricing,1970-01-01
https://business.qwabi.co.za/website-development-pricing,1970-01-01
https://excellency.qwabi.co.za/about-developer,1970-01-01
https://jack.qwabi.co.za/,1970-01-01
https://jack.qwabi.co.za/about,1970-01-01
https://jack.qwabi.co.za/about-developer,1970-01-01
https://jack.qwabi.co.za/blog,1970-01-01
https://jack.qwabi.co.za/blog/live-love-let-love-lead,1970-01-01
https://jack.qwabi.co.za/blog/power-of-patience,1970-01-01
https://jack.qwabi.co.za/blog/rise-above-challenges,1970-01-01
https://jack.qwabi.co.za/blog/surrender-to-gods-kingdom,1970-01-01
https://jack.qwabi.co.za/blog/the-garden-of-love,1970-01-01
https://jack.qwabi.co.za/blog/trusting-god-in-all-times,1970-01-01
https://jack.qwabi.co.za/contact,1970-01-01
https://jack.qwabi.co.za/mentorship,1970-01-01
https://jack.qwabi.co.za/programs,1970-01-01
https://jack.qwabi.co.za/testimonials,1970-01-01
https://siavista.qwabi.co.za/about-developer,1970-01-01
https://siavista.qwabi.co.za/about-us,1970-01-01
https://siavista.qwabi.co.za/careers,1970-01-01
https://siavista.qwabi.co.za/compliance,1970-01-01
https://siavista.qwabi.co.za/contact,1970-01-01
https://siavista.qwabi.co.za/gallery,1970-01-01
https://siavista.qwabi.co.za/leave-a-comment,1970-01-01
https://siavista.qwabi.co.za/portal,1970-01-01
https://siavista.qwabi.co.za/services,1970-01-01
https://siavista.qwabi.co.za/services/automations,1970-01-01
https://siavista.qwabi.co.za/services/electrical-fencing,1970-01-01
https://siavista.qwabi.co.za/services/emergencies,1970-01-01
https://siavista.qwabi.co.za/services/lighting,1970-01-01
https://siavista.qwabi.co.za/services/load-shedding,1970-01-01
https://siavista.qwabi.co.za/services/security,1970-01-01
https://siavista.qwabi.co.za/testimonials,1970-01-01
https://ubuntuafrican.qwabi.co.za/about-developer,1970-01-01
https://ubuntuafrican.qwabi.co.za/contact,1970-01-01
https://umicandles.qwabi.co.za/,1970-01-01
https://umicandles.qwabi.co.za/about,1970-01-01
https://umicandles.qwabi.co.za/about-developer,1970-01-01
https://umicandles.qwabi.co.za/cart,1970-01-01
https://umicandles.qwabi.co.za/checkout,1970-01-01
https://umicandles.qwabi.co.za/checkout/failed,1970-01-01
https://umicandles.qwabi.co.za/checkout/success,1970-01-01
https://umicandles.qwabi.co.za/contact,1970-01-01
https://umicandles.qwabi.co.za/event-planning,1970-01-01
https://umicandles.qwabi.co.za/my-orders,1970-01-01
https://umicandles.qwabi.co.za/products,1970-01-01
https://umicandles.qwabi.co.za/products/,1970-01-01
https://umicandles.qwabi.co.za/track-order,1970-01-01
https://umicandles.qwabi.co.za/tracking,1970-01-01
https://zach.qwabi.co.za/,1970-01-01
https://zach.qwabi.co.za/about,1970-01-01
https://zach.qwabi.co.za/about-developer,1970-01-01
https://zach.qwabi.co.za/contact,1970-01-01
https://zach.qwabi.co.za/services,1970-01-01